threshold,f1,precision,recall,mcc,surface
0.05,0.6475017111567419,0.48512820512820515,0.9732510288065843,0.4926138882180084,out_of_fold_train
0.055,0.6537664132688321,0.4921956295525494,0.9732510288065843,0.5025237443352787,out_of_fold_train
0.06,0.6601398601398601,0.5,0.9711934156378601,0.5119210588902251,out_of_fold_train
0.065,0.6647887323943662,0.5053533190578159,0.9711934156378601,0.5191504728269285,out_of_fold_train
0.07,0.670940170940171,0.5130718954248366,0.9691358024691358,0.5280840671077599,out_of_fold_train
0.075,0.6767241379310345,0.5198675496688742,0.9691358024691358,0.5369497581484716,out_of_fold_train
0.08,0.681653372008702,0.5263157894736842,0.9670781893004116,0.5439183177854534,out_of_fold_train
0.08499999999999999,0.689149560117302,0.5353075170842825,0.9670781893004116,0.5552605205464198,out_of_fold_train
0.09,0.695780903034789,0.5433526011560693,0.9670781893004116,0.5652169344988907,out_of_fold_train
0.095,0.7016491754122939,0.5518867924528302,0.9629629629629629,0.5729799463884411,out_of_fold_train
0.09999999999999999,0.7049924357034796,0.5574162679425837,0.9588477366255144,0.5770034786481099,out_of_fold_train
0.105,0.7125382262996941,0.5669099756690997,0.9588477366255144,0.5882002441701774,out_of_fold_train
0.10999999999999999,0.7148347425057648,0.5705521472392638,0.9567901234567902,0.5911429970340664,out_of_fold_train
0.11499999999999999,0.7214895267649342,0.5790784557907845,0.9567901234567902,0.60095086348396,out_of_fold_train
0.12,0.7217459080280592,0.5809284818067754,0.9526748971193416,0.6004683930811539,out_of_fold_train
0.12499999999999999,0.7235708692247456,0.584070796460177,0.9506172839506173,0.602737971234043,out_of_fold_train
0.13,0.7292817679558011,0.5915492957746479,0.9506172839506173,0.61112851132204,out_of_fold_train
0.135,0.7352472089314194,0.6002604166666666,0.948559670781893,0.6194669697881962,out_of_fold_train
0.13999999999999999,0.7383627608346709,0.6052631578947368,0.9465020576131687,0.6236381506632195,out_of_fold_train
0.145,0.7413376309427882,0.609271523178808,0.9465020576131687,0.6279805379193703,out_of_fold_train
0.14999999999999997,0.7467532467532468,0.6166219839142091,0.9465020576131687,0.635867176176961,out_of_fold_train
0.15499999999999997,0.7500000000000001,0.6219512195121951,0.9444444444444444,0.6402294395674659,out_of_fold_train
0.15999999999999998,0.752670501232539,0.6265389876880985,0.9423868312757202,0.6437641125345064,out_of_fold_train
0.16499999999999998,0.7563996696944675,0.6317241379310344,0.9423868312757202,0.6491780523124234,out_of_fold_train
0.16999999999999998,0.7623019182652211,0.6409537166900421,0.9403292181069959,0.6574073577511627,out_of_fold_train
0.175,0.7615062761506276,0.6417489421720733,0.9362139917695473,0.6556300629025325,out_of_fold_train
0.18,0.763268744734625,0.6462196861626248,0.9320987654320988,0.6575981026981111,out_of_fold_train
0.185,0.769100169779287,0.6546242774566474,0.9320987654320988,0.666071585140823,out_of_fold_train
0.19,0.772378516624041,0.6593886462882096,0.9320987654320988,0.6708279989270518,out_of_fold_train
0.195,0.7750213857998289,0.6632503660322109,0.9320987654320988,0.6746589304991344,out_of_fold_train
0.19999999999999996,0.7770154373927959,0.6661764705882353,0.9320987654320988,0.6775474343209831,out_of_fold_train
0.20499999999999996,0.7779690189328743,0.6686390532544378,0.9300411522633745,0.6786681209979842,out_of_fold_train
0.20999999999999996,0.7796024200518582,0.6721311475409836,0.9279835390946503,0.6807851158602756,out_of_fold_train
0.21499999999999997,0.7839721254355402,0.6797583081570997,0.9259259259259259,0.6868853743977977,out_of_fold_train
0.21999999999999997,0.7825327510917032,0.6798179059180577,0.9218106995884774,0.6843423550078399,out_of_fold_train
0.22499999999999998,0.7848990342405617,0.6845329249617151,0.9197530864197531,0.687572216413088,out_of_fold_train
0.22999999999999998,0.7890556045895851,0.6908809891808346,0.9197530864197531,0.6936220326143605,out_of_fold_train
0.235,0.79185119574845,0.6951788491446346,0.9197530864197531,0.6976885587217252,out_of_fold_train
0.24,0.7953736654804271,0.700626959247649,0.9197530864197531,0.7028100166457104,out_of_fold_train
0.245,0.7989276139410187,0.7061611374407583,0.9197530864197531,0.707974902995271,out_of_fold_train
0.24999999999999994,0.8,0.7090620031796503,0.9176954732510288,0.7093562928274536,out_of_fold_train
0.25499999999999995,0.8,0.7115384615384616,0.9135802469135802,0.7090250379314761,out_of_fold_train
0.25999999999999995,0.7996373526745242,0.7147487844408428,0.9074074074074074,0.7080527487765514,out_of_fold_train
0.26499999999999996,0.8007279344858964,0.7177814029363785,0.9053497942386831,0.7095192710886021,out_of_fold_train
0.26999999999999996,0.8029330889092576,0.7239669421487603,0.9012345679012346,0.7125231147122745,out_of_fold_train
0.27499999999999997,0.8007380073800738,0.725752508361204,0.8930041152263375,0.7089098589735112,out_of_fold_train
0.27999999999999997,0.8025949953660797,0.730185497470489,0.8909465020576132,0.7115824251172077,out_of_fold_train
0.285,0.8041044776119403,0.735494880546075,0.8868312757201646,0.7137009579835095,out_of_fold_train
0.29,0.8030018761726078,0.7379310344827587,0.8806584362139918,0.7119410136162799,out_of_fold_train
0.295,0.801505174035748,0.7383015597920277,0.8765432098765432,0.7096605368805413,out_of_fold_train
0.3,0.8026440037771482,0.7417102966841187,0.8744855967078189,0.7113544998420342,out_of_fold_train
0.30499999999999994,0.8034026465028354,0.743006993006993,0.8744855967078189,0.7124910181737935,out_of_fold_train
0.30999999999999994,0.8045540796963947,0.7464788732394366,0.8724279835390947,0.7142190305446962,out_of_fold_train
0.31499999999999995,0.8022813688212928,0.7455830388692579,0.8683127572016461,0.7108294077705152,out_of_fold_train
0.31999999999999995,0.8022922636103151,0.7486631016042781,0.8641975308641975,0.7108993289915445,out_of_fold_train
0.32499999999999996,0.8034515819750719,0.7522441651705566,0.8621399176954733,0.7126913590997662,out_of_fold_train
0.32999999999999996,0.8034515819750719,0.7522441651705566,0.8621399176954733,0.7126913590997662,out_of_fold_train
0.33499999999999996,0.8030739673390971,0.7531531531531531,0.8600823045267489,0.7121700639808016,out_of_fold_train
0.33999999999999997,0.8042430086788813,0.7568058076225045,0.8580246913580247,0.714001312049375,out_of_fold_train
0.3449999999999999,0.8054211035818006,0.7605118829981719,0.8559670781893004,0.715860805628083,out_of_fold_train
0.3499999999999999,0.8085519922254617,0.7661141804788214,0.8559670781893004,0.7206192436977121,out_of_fold_train
0.3549999999999999,0.8125,0.7732342007434945,0.8559670781893004,0.7266229553062745,out_of_fold_train
0.35999999999999993,0.8125613346418058,0.776735459662289,0.8518518518518519,0.7269230455109433,out_of_fold_train
0.36499999999999994,0.8145956607495068,0.7821969696969697,0.8497942386831275,0.7301509077281498,out_of_fold_train
0.36999999999999994,0.8134254689042448,0.7817836812144212,0.8477366255144033,0.7284893320369037,out_of_fold_train
0.37499999999999994,0.8166501486620417,0.7877629063097514,0.8477366255144033,0.7334308739599306,out_of_fold_train
0.37999999999999995,0.8190854870775348,0.7923076923076923,0.8477366255144033,0.7371653313411382,out_of_fold_train
0.38499999999999995,0.8191808191808192,0.7961165048543689,0.8436213991769548,0.7376264794838251,out_of_fold_train
0.38999999999999996,0.8216432865731463,0.80078125,0.8436213991769548,0.7414186060465842,out_of_fold_train
0.39499999999999996,0.8249496981891349,0.8070866141732284,0.8436213991769548,0.746514612160999,out_of_fold_train
0.3999999999999999,0.8257804632426989,0.8086785009861933,0.8436213991769548,0.7477958259748231,out_of_fold_train
0.4049999999999999,0.8299595141700404,0.8167330677290837,0.8436213991769548,0.7542459233319743,out_of_fold_train
0.4099999999999999,0.8263959390862944,0.8156312625250501,0.8374485596707819,0.749350667274809,out_of_fold_train
0.4149999999999999,0.8256880733944955,0.8181818181818182,0.8333333333333334,0.748701210691995,out_of_fold_train
0.41999999999999993,0.8265306122448981,0.819838056680162,0.8333333333333334,0.7500133129627762,out_of_fold_train
0.42499999999999993,0.8249744114636642,0.8207739307535642,0.8292181069958847,0.7480745340167844,out_of_fold_train
0.42999999999999994,0.8258196721311475,0.8224489795918367,0.8292181069958847,0.7493957000956449,out_of_fold_train
0.43499999999999994,0.8251028806584362,0.8251028806584362,0.8251028806584362,0.7488012648595134,out_of_fold_train
0.43999999999999995,0.8259526261585993,0.8268041237113402,0.8251028806584362,0.7501348086808117,out_of_fold_train
0.44499999999999995,0.8268041237113402,0.8285123966942148,0.8251028806584362,0.7514715496133634,out_of_fold_train
0.4499999999999999,0.82765737874097,0.8302277432712215,0.8251028806584362,0.7528115049390242,out_of_fold_train
0.4549999999999999,0.8286604361370716,0.8364779874213837,0.8209876543209876,0.7549776192685395,out_of_fold_train
0.4599999999999999,0.8291666666666666,0.8396624472573839,0.8189300411522634,0.7560892657449543,out_of_fold_train
0.4649999999999999,0.8326359832635983,0.8468085106382979,0.8189300411522634,0.7615800940032836,out_of_fold_train
0.4699999999999999,0.8319327731092436,0.8497854077253219,0.8148148148148148,0.7611434057323004,out_of_fold_train
0.4749999999999999,0.8308668076109937,0.8543478260869565,0.808641975308642,0.7605368036306513,out_of_fold_train
0.4799999999999999,0.831389183457052,0.8577680525164114,0.8065843621399177,0.7617599818118942,out_of_fold_train
0.48499999999999993,0.8319148936170213,0.8612334801762115,0.8045267489711934,0.7630041019426718,out_of_fold_train
0.48999999999999994,0.8315565031982943,0.8628318584070797,0.8024691358024691,0.7628390666126124,out_of_fold_train
0.49499999999999994,0.827807486631016,0.8619153674832962,0.7962962962962963,0.75806709800273,out_of_fold_train
0.49999999999999994,0.8286937901498931,0.8638392857142857,0.7962962962962963,0.7595026349937078,out_of_fold_train
0.5049999999999999,0.8304721030042918,0.8677130044843049,0.7962962962962963,0.7623850880826529,out_of_fold_train
0.5099999999999999,0.8313641245972073,0.8696629213483146,0.7962962962962963,0.7638320481980988,out_of_fold_train
0.5149999999999999,0.8275862068965516,0.8687782805429864,0.7901234567901234,0.7590778049508704,out_of_fold_train
0.5199999999999999,0.8268398268398268,0.8721461187214612,0.7860082304526749,0.7588297472328973,out_of_fold_train
0.5249999999999999,0.8251900108577632,0.8735632183908046,0.7818930041152263,0.7571352010948408,out_of_fold_train
0.5299999999999999,0.823529411764706,0.875,0.7777777777777778,0.7554503342750232,out_of_fold_train
0.5349999999999999,0.823529411764706,0.875,0.7777777777777778,0.7554503342750232,out_of_fold_train
0.5399999999999999,0.8262295081967213,0.8811188811188811,0.7777777777777778,0.7599111622219293,out_of_fold_train
0.5449999999999999,0.8232711306256861,0.8823529411764706,0.7716049382716049,0.7566855163706143,out_of_fold_train
0.5499999999999999,0.8215859030837004,0.8838862559241706,0.7674897119341564,0.7550450081406831,out_of_fold_train
0.5549999999999999,0.8211920529801325,0.8857142857142857,0.7654320987654321,0.7549865722860813,out_of_fold_train
0.5599999999999999,0.8181818181818182,0.8870192307692307,0.7592592592592593,0.7517944813675416,out_of_fold_train
0.565,0.8164627363737486,0.8886198547215496,0.7551440329218106,0.7501846206690864,out_of_fold_train
0.57,0.8138238573021181,0.8880778588807786,0.7510288065843621,0.747043392471873,out_of_fold_train
0.575,0.8085106382978723,0.8869778869778869,0.742798353909465,0.7407548726557232,out_of_fold_train
0.58,0.8058361391694725,0.8864197530864197,0.7386831275720165,0.7376074348643941,out_of_fold_train
0.585,0.8072153325817362,0.8927680798004988,0.7366255144032922,0.7407138631384398,out_of_fold_train
0.59,0.8067796610169491,0.8947368421052632,0.7345679012345679,0.7407164820891807,out_of_fold_train
0.595,0.8068181818181818,0.9010152284263959,0.7304526748971193,0.7423367160839341,out_of_fold_train
0.6,0.8054607508532423,0.9007633587786259,0.7283950617283951,0.7407743596843214,out_of_fold_train
0.605,0.8036529680365296,0.9025641025641026,0.7242798353909465,0.73924924686156,out_of_fold_train
0.61,0.801377726750861,0.9064935064935065,0.7181069958847737,0.7377921306651714,out_of_fold_train
0.615,0.7995391705069125,0.9083769633507853,0.7139917695473251,0.7363000001371219,out_of_fold_train
0.62,0.7967667436489608,0.9078947368421053,0.7098765432098766,0.7331825700828345,out_of_fold_train
0.625,0.7949015063731169,0.9098143236074271,0.7057613168724279,0.7317039826740869,out_of_fold_train
0.63,0.7953488372093024,0.9144385026737968,0.7037037037037037,0.7334483945821703,out_of_fold_train
0.635,0.7911318553092183,0.9137466307277629,0.6975308641975309,0.7287821084448672,out_of_fold_train
0.6399999999999999,0.7883040935672514,0.9132791327913279,0.6934156378600823,0.7256678408162619,out_of_fold_train
0.6449999999999999,0.7826086956521741,0.9123287671232877,0.6851851851851852,0.7194307591954647,out_of_fold_train
0.6499999999999999,0.7792207792207791,0.9141274238227147,0.6790123456790124,0.716433132555318,out_of_fold_train
0.6549999999999999,0.7748815165876778,0.9134078212290503,0.6728395061728395,0.7117477742198633,out_of_fold_train
0.6599999999999999,0.7705112960760998,0.9126760563380282,0.6666666666666666,0.7070551853416395,out_of_fold_train
0.6649999999999999,0.769047619047619,0.9124293785310734,0.6646090534979424,0.7054893319857312,out_of_fold_train
0.6699999999999999,0.766109785202864,0.9119318181818182,0.6604938271604939,0.7023550740864553,out_of_fold_train
0.6749999999999999,0.7616766467065869,0.9111747851002865,0.654320987654321,0.6976471428351055,out_of_fold_train
0.6799999999999999,0.7629362214199759,0.9188405797101449,0.6522633744855967,0.701271215217989,out_of_fold_train
0.6849999999999999,0.7608695652173912,0.9210526315789473,0.6481481481481481,0.6998905238922944,out_of_fold_train
0.69,0.7548543689320388,0.9201183431952663,0.6399176954732511,0.6936306101576064,out_of_fold_train
0.695,0.7551766138855055,0.9253731343283582,0.6378600823045267,0.6956063888610683,out_of_fold_train
0.7,0.7551766138855055,0.9253731343283582,0.6378600823045267,0.6956063888610683,out_of_fold_train
0.705,0.7490820073439413,0.9244712990936556,0.6296296296296297,0.6893488989111678,out_of_fold_train
0.71,0.7398273736128237,0.9230769230769231,0.6172839506172839,0.6799325001801667,out_of_fold_train
0.715,0.7376237623762375,0.9254658385093167,0.6131687242798354,0.6785997462491091,out_of_fold_train
0.72,0.7369727047146403,0.928125,0.6111111111111112,0.6788514695968391,out_of_fold_train
0.725,0.736318407960199,0.9308176100628931,0.6090534979423868,0.6791147586501296,out_of_fold_train
0.73,0.7331670822942643,0.930379746835443,0.6049382716049383,0.6759760196333393,out_of_fold_train
0.735,0.7302383939774153,0.9356913183279743,0.5987654320987654,0.6749781903399965,out_of_fold_train
0.74,0.7189873417721517,0.9342105263157895,0.5843621399176955,0.6639745661637376,out_of_fold_train
0.7449999999999999,0.7141041931385006,0.9335548172757475,0.5781893004115226,0.6592405348037249,out_of_fold_train
0.7499999999999999,0.7093469910371318,0.9389830508474576,0.5699588477366255,0.6567469898128153,out_of_fold_train
0.7549999999999999,0.7043701799485862,0.9383561643835616,0.5637860082304527,0.6520052500193032,out_of_fold_train
0.7599999999999999,0.7036082474226804,0.9413793103448276,0.5617283950617284,0.6523653355815766,out_of_fold_train
0.7649999999999999,0.6985769728331177,0.9407665505226481,0.5555555555555556,0.6476174674165883,out_of_fold_train
0.7699999999999999,0.695201037613489,0.9403508771929825,0.551440329218107,0.6444452676876044,out_of_fold_train
0.7749999999999999,0.6919060052219321,0.9464285714285714,0.5452674897119342,0.643643106584491,out_of_fold_train
0.7799999999999999,0.6884816753926702,0.9460431654676259,0.5411522633744856,0.6404706368398424,out_of_fold_train
0.7849999999999999,0.6842105263157895,0.948905109489051,0.5349794238683128,0.6377154122773779,out_of_fold_train
0.7899999999999999,0.6754966887417218,0.9479553903345725,0.5246913580246914,0.6297536876711783,out_of_fold_train
0.7949999999999999,0.6719787516600265,0.947565543071161,0.5205761316872428,0.6265579802979772,out_of_fold_train
0.7999999999999999,0.6666666666666666,0.946969696969697,0.51440329218107,0.6217521877365423,out_of_fold_train
0.8049999999999999,0.6613119143239625,0.946360153256705,0.5082304526748971,0.6169312945675762,out_of_fold_train
0.8099999999999999,0.6577181208053692,0.9459459459459459,0.5041152263374485,0.6137087359123126,out_of_fold_train
0.815,0.6522911051212938,0.9453125,0.49794238683127573,0.6088615822591363,out_of_fold_train
0.82,0.6431478968792402,0.9442231075697212,0.4876543209876543,0.6007462073057136,out_of_fold_train
0.825,0.6394557823129251,0.9437751004016064,0.4835390946502058,0.5974867215721011,out_of_fold_train
0.83,0.6376021798365122,0.9435483870967742,0.48148148148148145,0.595854039782184,out_of_fold_train
0.835,0.6282578875171468,0.9423868312757202,0.4711934156378601,0.58766040082593,out_of_fold_train
0.84,0.6272352132049518,0.946058091286307,0.4691358024691358,0.5881680622725615,out_of_fold_train
0.845,0.6177285318559557,0.9449152542372882,0.4588477366255144,0.5799333017596782,out_of_fold_train
0.8499999999999999,0.6177285318559557,0.9449152542372882,0.4588477366255144,0.5799333017596782,out_of_fold_train
0.8549999999999999,0.6080892608089261,0.9437229437229437,0.448559670781893,0.5716433189882174,out_of_fold_train
0.8599999999999999,0.6050420168067226,0.9473684210526315,0.4444444444444444,0.5705294748859084,out_of_fold_train
0.8649999999999999,0.6030855539971949,0.947136563876652,0.44238683127572015,0.5688645880552385,out_of_fold_train
0.8699999999999999,0.5971830985915493,0.9464285714285714,0.43621399176954734,0.5638555564164488,out_of_fold_train
0.8749999999999999,0.5952045133991537,0.9461883408071748,0.43415637860082307,0.5621810027262995,out_of_fold_train
0.8799999999999999,0.5872340425531916,0.9452054794520548,0.42592592592592593,0.5554576981231876,out_of_fold_train
0.8849999999999999,0.5726618705035972,0.9521531100478469,0.4094650205761317,0.5465298915168345,out_of_fold_train
0.8899999999999999,0.5664739884393064,0.9514563106796117,0.40329218106995884,0.541426619637676,out_of_fold_train
0.8949999999999999,0.5526315789473685,0.9545454545454546,0.3888888888888889,0.5318171666134353,out_of_fold_train
0.8999999999999999,0.5333333333333333,0.9523809523809523,0.37037037037037035,0.5162075081426083,out_of_fold_train
0.9049999999999999,0.5297619047619048,0.956989247311828,0.3662551440329218,0.5151850948828814,out_of_fold_train
0.9099999999999999,0.5187406296851574,0.9558011049723757,0.3559670781893004,0.5063944969665993,out_of_fold_train
0.9149999999999999,0.5083207261724659,0.96,0.345679012345679,0.5000807775883332,out_of_fold_train
0.9199999999999999,0.4992389649923896,0.9590643274853801,0.3374485596707819,0.49293636327662343,out_of_fold_train
0.9249999999999999,0.48773006134969327,0.9578313253012049,0.3271604938271605,0.4839165449075458,out_of_fold_train
0.9299999999999999,0.478395061728395,0.9567901234567902,0.31893004115226337,0.47662539966186734,out_of_fold_train
0.9349999999999999,0.4665629860031104,0.9554140127388535,0.30864197530864196,0.4674117778973955,out_of_fold_train
0.94,0.46417445482866043,0.9551282051282052,0.3065843621399177,0.4655551962060706,out_of_fold_train
0.945,0.45110410094637216,0.9662162162162162,0.294238683127572,0.45990754833042796,out_of_fold_train
0.95,0.4288,0.9640287769784173,0.2757201646090535,0.4428624751135595,out_of_fold_train
